{
  "Москва": [55.755825, 37.617298],
  "Санкт-Петербург": [59.93428, 30.335099],
  "Новосибирск": [55.008019, 82.93515],
  "Екатеринбург": [56.838011, 60.597496],
  "Казань": [55.790551, 49.096452],
  "Нижний Новгород": [56.296012, 43.941005],
  "Челябинск": [55.160232, 61.43657],
  "Самара": [53.195873, 50.100192],
  "Омск": [54.988361, 73.32413],
  "Ростов-на-Дону": [47.23135, 39.72331],
  "Уфа": [54.74306, 55.967882],
  "Красноярск": [56.01841, 92.86717],
  "Пермь": [58.010456, 56.253441],
  "Воронеж": [51.668039, 39.1843],
  "Волгоград": [48.70973, 44.51684],
  "Краснодар": [45.04418, 38.976566],
  "Саратов": [51.533562, 46.034331],
  "Тюмень": [57.15222, 65.52722],
  "Тольятти": [53.505759, 49.420731],
  "Ижевск": [56.849763, 53.204377],
  "Барнаул": [53.360556, 83.763611],
  "Иркутск": [52.283333, 104.283333],
  "Хабаровск": [48.48333, 135.08333],
  "Владивосток": [43.116667, 131.9],
  "Ярославль": [57.62987, 39.87368],
  "Махачкала": [42.984444, 47.503889],
  "Томск": [56.497222, 84.974167],
  "Оренбург": [51.76667, 55.1],
  "Кемерово": [55.333333, 86.083333],
  "Новокузнецк": [53.75, 87.116667],
  "Рязань": [54.633333, 39.716667],
  "Астрахань": [46.349722, 48.040278],
  "Набережные Челны": [55.733333, 52.416667],
  "Пенза": [53.2, 45.016667],
  "Липецк": [52.616667, 39.6],
  "Тула": [54.196389, 37.618056],
  "Киров": [58.599722, 49.666944],
  "Чебоксары": [56.133333, 47.25],
  "Калининград": [54.70694, 20.51111],
  "Брянск": [53.25, 34.366667],
  "Курск": [51.716667, 36.183333],
  "Иваново": [57.016667, 40.966667],
  "Магнитогорск": [53.383333, 58.983333],
  "Улан-Удэ": [51.833333, 107.583333],
  "Тверь": [56.858333, 35.900833],
  "Ставрополь": [45.05, 41.966667],
  "Белгород": [50.6, 36.6],
  "Архангельск": [64.540555, 40.543611],
  "Владимир": [56.129444, 40.407778],
  "Сочи": [43.585789, 39.725421],
  "Курган": [55.466667, 65.316667],
  "Смоленск": [54.783333, 32.033333],
  "Калуга": [54.529167, 36.275],
  "Орёл": [52.965833, 36.078333],
  "Вологда": [59.216667, 39.883333],
  "Подольск": [55.433333, 37.55],
  "Сургут": [61.250278, 73.4025],
  "Череповец": [59.130556, 37.903611],
  "Владикавказ": [43.031111, 44.678611],
  "Мурманск": [68.979166, 33.093056],
  "Якутск": [62.027778, 129.733333],
  "Петрозаводск": [61.791667, 34.346667],
  "Нижневартовск": [60.933333, 76.55],
  "Йошкар-Ола": [56.638333, 47.894167],
  "Саранск": [54.183333, 45.183333],
  "Королев": [55.916667, 37.816667],
  "Великий Новгород": [58.521667, 31.271667],
  "Мытищи": [55.910555, 37.730277],
  "Люберцы": [55.676111, 37.895833],
  "Балашиха": [55.813889, 37.954444],
  "Армавир": [44.999722, 41.121944],
  "Химки": [55.897222, 37.445833],
  "Севастополь": [44.613333, 33.5225],
  "Симферополь": [44.952222, 34.103611],
  "Псков": [57.819444, 28.333333],
  "Энгельс": [51.500556, 46.123611],
  "Норильск": [69.341667, 88.2025],
  "Рыбинск": [58.045833, 38.85],
  "Благовещенск": [50.2875, 127.5375],
  "Комсомольск-на-Амуре": [50.550833, 137.009722],
  "Златоуст": [55.170833, 59.671389],
  "Электросталь": [55.785, 38.448611],
  "Находка": [42.820833, 132.880833],
  "Альметьевск": [54.901389, 52.308056],
  "Салехард": [66.530833, 66.601389],
  "Миасс": [55.046389, 60.105833],
  "Дербент": [42.058333, 48.293056],
  "Рубцовск": [51.520833, 81.206667],
  "Каменск-Уральский": [56.418056, 61.928611],
  "Новочеркасск": [47.414444, 40.101111],
  "Железногорск": [52.330833, 108.746667],
  "Копейск": [55.1125, 61.6225],
  "Березники": [59.413889, 56.784722],
  "Назрань": [43.215, 44.773056],
  "Каспийск": [42.884444, 47.641667],
  "Нефтекамск": [56.088889, 54.245833],
  "Сергиев Посад": [56.299722, 38.134444],
  "Шахты": [47.7075, 40.213611],
  "Ноябрьск": [63.181389, 75.451389],
  "Дзержинск": [56.235, 43.4575],
  "Ачинск": [56.268056, 90.498611],
  "Северодвинск": [64.572222, 39.828611],
  "Новокуйбышевск": [53.091667, 49.926389],
  "Евпатория": [45.201667, 33.3675],
  "Артём": [43.356944, 132.190833],
  "Елец": [52.623056, 38.504444],
  "Арзамас": [55.390833, 43.814444],
  "Обнинск": [55.109722, 36.610833],
  "Элиста": [46.313611, 44.258611],
  "Батайск": [47.136944, 39.753611],
  "Уссурийск": [43.8025, 131.953333],
  "Новый Уренгой": [66.08, 76.683333],
  "Кызыл": [51.714444, 94.453611],
  "Магадан": [59.563889, 150.803333],
  "Камышин": [50.081667, 45.403611],
  "Невинномысск": [44.630833, 41.936111],
  "Анапа": [44.891667, 37.323611],
  "Кисловодск": [43.911667, 42.718611],
  "Железнодорожный": [55.754444, 38.0175],
  "Серпухов": [54.915, 37.4125],
  "Новочебоксарск": [56.119444, 47.486111],
  "Орехово-Зуево": [55.806667, 38.964722],
  "Прокопьевск": [53.893333, 86.748611],
  "Южно-Сахалинск": [46.958333, 142.7375],
  "Новошахтинск": [47.758333, 39.925],
  "Ленинск-Кузнецкий": [54.658333, 86.171667],
  "Мирный": [62.533333, 113.95],
  "Нью-Йорк, США": [40.712776, -74.006047],
  "Лондон, Великобритания": [51.507351, -0.127758],
  "Париж, Франция": [48.856613, 2.352222],
  "Токио, Япония": [35.689487, 139.691711],
  "Сидней, Австралия": [-33.86882, 151.209296],
  "Пекин, Китай": [39.9042, 116.407396],
  "Рио-де-Жанейро, Бразилия": [-22.906847, -43.172896],
  "Рим, Италия": [41.902782, 12.496366],
  "Афины, Греция": [37.983809, 23.727539],
  "Барселона, Испания": [41.385064, 2.173404],
  "Берлин, Германия": [52.520007, 13.404954],
  "Каир, Египет": [30.044419, 31.235712],
  "Буэнос-Айрес, Аргентина": [-34.603684, -58.381559],
  "Кейптаун, ЮАР": [-33.924869, 18.424055],
  "Дубай, ОАЭ": [25.204849, 55.270783],
  "Гонконг, Китай": [22.319304, 114.169361],
  "Сан-Франциско, США": [37.774929, -122.419416],
  "Лос-Анджелес, США": [34.052234, -118.243685],
  "Шанхай, Китай": [31.230391, 121.473701],
  "Мумбаи, Индия": [19.075984, 72.877656],
  "Стамбул, Турция": [41.008238, 28.978359],
  "Амстердам, Нидерланды": [52.370216, 4.895168],
  "Прага, Чехия": [50.087465, 14.421251],
  "Сеул, Южная Корея": [37.566535, 126.977969],
  "Тайбэй, Тайвань": [25.032969, 121.565418],
  "Марсель, Франция": [43.296482, 5.36978],
  "Мельбурн, Австралия": [-37.813627, 144.963058],
  "Мадрид, Испания": [40.416775, -3.70379],
  "Вена, Австрия": [48.208174, 16.373819],
  "Стокгольм, Швеция": [59.329323, 18.068581],
  "Торонто, Канада": [43.653226, -79.383186],
  "Мехико, Мексика": [19.432608, -99.133208],
  "Сан-Паулу, Бразилия": [-23.55052, -46.633309],
  "Куала-Лумпур, Малайзия": [3.139003, 101.686855],
  "Бангкок, Таиланд": [13.756331, 100.501765],
  "Дели, Индия": [28.704059, 77.102493],
  "Сингапур, Сингапур": [1.29027, 103.851959],
  "Жакарта, Индонезия": [-6.200000, 106.816666],
  "Манила, Филиппины": [14.599512, 120.984219],
  "Тель-Авив, Израиль": [32.085299, 34.781768],
  "Копенгаген, Дания": [55.675944, 12.578337],
  "Брюссель, Бельгия": [50.850345, 4.351721],
  "Лиссабон, Португалия": [38.722252, -9.139337],
  "Загреб, Хорватия": [45.815011, 15.981919],
  "Варшава, Польша": [52.229676, 21.012229],
  "Ванкувер, Канада": [49.282729, -123.120738],
  "Монреаль, Канада": [45.501689, -73.567256],
  "Дублин, Ирландия": [53.349805, -6.260310],
  "Таллин, Эстония": [59.436961, 24.753575],
  "Хельсинки, Финляндия": [60.169857, 24.938379],
  "Рейкьявик, Исландия": [64.146578, -21.942579]
}
